<?xml version="1.0" encoding="UTF-8"?>
<configuration scan="false">

    <property name="LOG_PATH" value="/var/log/jbossas/standalone/DAV"/>
    <property name="LOG_FILE" value="document-etl"/>
    <timestamp key="appendDate" datePattern="yyyy-MM-dd"/>

    <appender name="CONSOLE" class="ch.qos.logback.core.ConsoleAppender">
        <encoder>
            <pattern>%d{yyyy-MM-dd HH:mm:ss.SSS} [%thread] %-5level %logger{36}.%M - %msg%n</pattern>
        </encoder>
    </appender>

    <appender name="ROLLING-FILE" class="ch.qos.logback.core.rolling.RollingFileAppender">
        <file>${LOG_PATH}/${LOG_FILE}-${appendDate}.log</file>
        <rollingPolicy class="ch.qos.logback.core.rolling.FixedWindowRollingPolicy">
            <fileNamePattern>${LOG_FILE}-${appendDate}.%i.log.zip</fileNamePattern>
            <minIndex>1</minIndex>
            <maxIndex>100</maxIndex>
        </rollingPolicy>

        <triggeringPolicy class="ch.qos.logback.core.rolling.SizeBasedTriggeringPolicy">
            <maxFileSize>100MB</maxFileSize>
        </triggeringPolicy>

        <encoder>
            <Pattern>%d{yyyy-MM-dd HH:mm:ss.SSS} [%thread] %-5level %logger{36} - %msg%n</Pattern>
        </encoder>
    </appender>

    <springProfile name="local">
        <root level="INFO">
            <appender-ref ref="CONSOLE"/>
            <appender-ref ref="ROLLING-FILE"/>
        </root>
    </springProfile>

    <springProfile name="server">
        <root level="INFO">
            <appender-ref ref="ROLLING-FILE"/>
        </root>
    </springProfile>

</configuration>