<?xml version="1.0" encoding="UTF-8"?>
<beans xmlns="http://www.springframework.org/schema/beans"
	xmlns:camel="http://camel.apache.org/schema/spring" xmlns:xsi="http://www.w3.org/2001/XMLSchema-instance"
	xmlns:cxf="http://camel.apache.org/schema/cxf" xmlns:context="http://www.springframework.org/schema/context"
	xmlns:util="http://www.springframework.org/schema/util" xmlns:tx="http://www.springframework.org/schema/tx"
	xmlns:p="http://www.springframework.org/schema/p" xmlns:aop="http://www.springframework.org/schema/aop"
	xmlns:jee="http://www.springframework.org/schema/jee" xmlns:jpa="http://www.springframework.org/schema/data/jpa"
	xsi:schemaLocation="http://www.springframework.org/schema/beans http://www.springframework.org/schema/beans/spring-beans.xsd
        http://www.springframework.org/schema/jee http://www.springframework.org/schema/jee/spring-jee.xsd      
        http://camel.apache.org/schema/spring http://camel.apache.org/schema/spring/camel-spring.xsd
        http://camel.apache.org/schema/cxf http://camel.apache.org/schema/cxf/camel-cxf.xsd
        http://www.springframework.org/schema/aop http://www.springframework.org/schema/aop/spring-aop.xsd
        http://www.springframework.org/schema/context http://www.springframework.org/schema/context/spring-context.xsd
        http://www.springframework.org/schema/tx http://www.springframework.org/schema/tx/spring-tx.xsd
        http://www.springframework.org/schema/util http://www.springframework.org/schema/util/spring-util-3.0.xsd
        http://www.springframework.org/schema/data/jpa http://www.springframework.org/schema/data/jpa/spring-jpa.xsd">

	<context:annotation-config />
	<!-- <tx:annotation-driven /> -->

	<import resource="classpath:lda/lda-id-services.xml" />
	<import resource="classpath:lda/lda-id-session-factory.xml" />	 
	<context:component-scan base-package="gov.uspto.pe2e" />
	<jpa:repositories base-package="gov.uspto.pe2e.lda.model" /> 
	
	<bean class="org.springframework.beans.factory.config.PropertyPlaceholderConfigurer">
		<property name="systemPropertiesModeName" value="SYSTEM_PROPERTIES_MODE_FALLBACK" />
			<property name="locations">
            	<list>
	                 <value>file:///home/jbosadmin/lda/bin/lda.properties</value>
	                <value>file:///home/jbosadmin/lda/bin/ops.properties</value>
	              <!--   <value>classpath:ops.properties</value>
	                <value>classpath:lda.properties</value> -->
            	</list>
        	</property>
    		<property name="ignoreResourceNotFound" value="false" />
    		<property name="ignoreUnresolvablePlaceholders" value="true" />
 	</bean> 

	<bean id="ldaDataSource" class="org.apache.commons.dbcp2.BasicDataSource"
		destroy-method="close">
		<property name="driverClassName" value="${lda.db.driver}"></property>
		<property name="url" value="${lda.staas.db.url}" />
		<property name="username" value="${lda.db.user}" />
		<property name="password" value="${lda.db.password}" />
		<property name="initialSize" value="${lda.db.initialSize}" />
		<property name="maxTotal" value="${lda.staas.db.maxActive}" />
		<property name="maxIdle" value="${lda.db.maxIdle}" />
		<property name="maxWaitMillis" value="${lda.db.maxWait}" />
		<property name="validationQuery" value="${lda.db.validation.query}" />
		<property name="testWhileIdle" value="${lda.db.testWhileIdle}" />
		<property name="testOnBorrow" value="${lda.db.testOnBorrow}" />
	</bean>

	<bean id="pe2eDataWriteSource" class="org.apache.commons.dbcp2.BasicDataSource"
		destroy-method="close">
		<property name="driverClassName" value="com.mysql.jdbc.Driver"></property>
		<property name="url" value="${pe2e.staas.write.db.url}" />
		<property name="username" value="${pe2e.staas.write.db.user}" />
		<property name="password" value="${pe2e.staas.write.db.password}" />
		<property name="initialSize" value="${pe2e.staas.write.db.initialSize}" />
		<property name="maxTotal" value="${pe2e.staas.write.db.maxActive}" />
		<property name="maxIdle" value="${pe2e.staas.write.db.maxIdle}" />
		<property name="maxWaitMillis" value="${pe2e.staas.write.db.maxWait}" />
		<property name="validationQuery" value="${pe2e.db.validation.query}" />
		<property name="testWhileIdle" value="${pe2e.db.testWhileIdle}" />
		<property name="testOnBorrow" value="${pe2e.db.testOnBorrow}" />
	</bean>
	
	
	<bean id="pe2eDataReadSource" class="org.apache.commons.dbcp2.BasicDataSource"
		destroy-method="close">
		<property name="driverClassName" value="com.mysql.jdbc.Driver"></property>
		<property name="url" value="${pe2e.staas.read.db.url}" />
		<property name="username" value="${pe2e.staas.read.db.user}" />
		<property name="password" value="${pe2e.staas.read.db.password}" />
		<property name="initialSize" value="${pe2e.staas.write.db.initialSize}" />
		<property name="maxTotal" value="${pe2e.staas.write.db.maxActive}" />
		<property name="maxIdle" value="${pe2e.staas.write.db.maxIdle}" />
		<property name="maxWaitMillis" value="${pe2e.staas.write.db.maxWait}" />
		<property name="validationQuery" value="${pe2e.db.validation.query}" />
		<property name="testWhileIdle" value="${pe2e.db.testWhileIdle}" />
		<property name="testOnBorrow" value="${pe2e.db.testOnBorrow}" />
	</bean>
	
	<bean id="pe2eWriteNamedJdbcTemplate" class="org.springframework.jdbc.core.namedparam.NamedParameterJdbcTemplate" >
   		<constructor-arg ref="pe2eDataWriteSource"/>
	</bean>
	
	<bean id="pe2eReadNamedJdbcTemplate" class="org.springframework.jdbc.core.namedparam.NamedParameterJdbcTemplate" >
   		<constructor-arg ref="pe2eDataReadSource"/>
	</bean>
	
	<bean id="ldaNamedJdbcTemplate" class="org.springframework.jdbc.core.namedparam.NamedParameterJdbcTemplate" >
   		<constructor-arg ref="ldaDataSource"/>
	</bean>

	<bean id="ldaJdbcTemplate" class="org.springframework.jdbc.core.JdbcTemplate">
		<property name="dataSource" ref="ldaDataSource" />
	</bean>
		
	<bean id="pe2eJdbcTemplate" class="org.springframework.jdbc.core.JdbcTemplate">
		<property name="dataSource" ref="pe2eDataWriteSource" />
	</bean>
	
	<bean id="pe2eReadJdbcTemplate" class="org.springframework.jdbc.core.JdbcTemplate">
		<property name="dataSource" ref="pe2eDataReadSource" />
	</bean>

	

	 <bean id="datasourceDetail" class="gov.uspto.pe2e.intake.util.DatasourceDetails" />

	<bean
		class="org.springframework.beans.factory.config.MethodInvokingFactoryBean">
		<property name="targetObject" ref="datasourceDetail" />
		<property name="targetMethod" value="fetchDatasourceInfo" />
		<property name="arguments">
			<list>
				<ref bean="ldaDataSource" />
				<ref bean="pe2eDataWriteSource" />
				<ref bean="pe2eDataReadSource" />
			</list>
		</property>
	</bean>   
	
	
	
	<tx:annotation-driven proxy-target-class="true" transaction-manager="transactionManager" />
	<bean id="transactionManager" class="org.springframework.jdbc.datasource.DataSourceTransactionManager">
		<property name="dataSource" ref="pe2eDataWriteSource" />
	</bean>
	
	

	<camelContext trace="false" useMDCLogging="true"
		useBreadcrumb="true" xmlns="http://camel.apache.org/schema/spring" autoStartup="false">
		<contextScan />
	</camelContext>

</beans>
