<?xml version="1.0" encoding="UTF-8"?>
<beans xmlns="http://www.springframework.org/schema/beans"
	xmlns:xsi="http://www.w3.org/2001/XMLSchema-instance" xmlns:context="http://www.springframework.org/schema/context"
	xmlns:util="http://www.springframework.org/schema/util" xmlns:jpa="http://www.springframework.org/schema/data/jpa"
	xmlns:tx="http://www.springframework.org/schema/tx"
	xsi:schemaLocation="http://www.springframework.org/schema/beans        
    http://www.springframework.org/schema/beans/spring-beans-3.0.xsd
    http://www.springframework.org/schema/context
    http://www.springframework.org/schema/context/spring-context-3.0.xsd
    http://www.springframework.org/schema/tx http://www.springframework.org/schema/tx/spring-tx-3.0.xsd
    http://www.springframework.org/schema/util http://www.springframework.org/schema/util/spring-util-3.0.xsd
    http://www.springframework.org/schema/data/jpa http://www.springframework.org/schema/data/jpa/spring-jpa.xsd">

	<tx:annotation-driven transaction-manager="ldaTransactionManager"
		proxy-target-class="true" />

	<!-- Directory to scan for repository classes -->
	<jpa:repositories base-package="gov.uspto.pe2e.lda.data.model.repository"
		transaction-manager-ref="ldaTransactionManager"
		entity-manager-factory-ref="ldaEMF"
		factory-class="gov.uspto.pe2e.lda.model.repository.EnhancedJpaRepositoryFactoryBean" />

	<bean id="ldaEMF"
		class="org.springframework.orm.jpa.LocalContainerEntityManagerFactoryBean">
		<property name="dataSource" ref="ldaDataSource" />
		<property name="packagesToScan" value="gov.uspto.pe2e.lda.model" />
		<property name="persistenceUnitName" value="lda-ingest" />
		<property name="jpaVendorAdapter">
			<bean class="org.springframework.orm.jpa.vendor.HibernateJpaVendorAdapter">
				<property name="databasePlatform" value="org.hibernate.dialect.MySQL5Dialect" />
			</bean>
		</property>
	</bean>

	<bean id="ldaTransactionManager" class="org.springframework.orm.jpa.JpaTransactionManager">
		<property name="entityManagerFactory" ref="ldaEMF" />
		<property name="dataSource" ref="ldaDataSource" />
	</bean>

</beans>
