<Configuration status="ERROR">
    <Properties>
        <Property name="log-path">/jboss/log/ETI/staasMigration.log</Property>
    </Properties>
    <Appenders>
        <RollingFile name="RollingFile" fileName="${log-path}"
                     filePattern="${log-path}-%d{yyyy-MM-dd}-%i.log">
            <PatternLayout>
                <pattern>%d [%X{camel.breadcrumbId}] [%X{camel.routeId}] %-5p %C{1}:%L - %m%n</pattern>
            </PatternLayout>
            <Policies>
                <SizeBasedTriggeringPolicy size="10 MB"/>
            </Policies>
            <DefaultRolloverStrategy max="5"/>
        </RollingFile>
    </Appenders>
    <Loggers>
        <Logger name="gov.uspto" level="error" additivity="false">
            <appender-ref ref="RollingFile"/>
        </Logger>

        <Root level="warn" additivity="false">
            <AppenderRef ref="RollingFile"/>
        </Root>
    </Loggers>
</Configuration>